4806525661599,111 PAPER CUP 8OZ 20PCSX60,,7.00 ,115.50 ,1/20/23
748485200675,555 FRIED SARDINES WTAUSI 155GX100,,2.00 ,68.50 ,1/20/23
748485200019,555 SAR TOMATO SAUCE 155GX100,,25.00 ,593.75 ,1/20/23
748485200026,555 SAR TS WCHILI 155GX100,,15.00 ,352.50 ,1/20/23
748485200040,555 SPANISH STYLE SIO 155GX100,,9.00 ,299.25 ,1/20/23
748485300108,555 SQUID IN NATURAL INK 155GX100,,3.00 ,145.50 ,1/20/23
748485700021,555 TUNA AFRITADA 155GX50,,1.00 ,27.50 ,1/20/23
748485700038,555 TUNA CALDERETA 155GX50,,1.00 ,27.50 ,1/20/23
4800014145089,ABSOLUTE 1LITX12,,2.00 ,45.50 ,1/20/23
4800014700011,ABSOLUTE 2LX6,,2.00 ,73.00 ,1/20/23
4800014144082,ABSOLUTE 500MLX24,,1.00 ,14.50 ,1/20/23
4800014147083,ABSOLUTE DDW 350MLX35,,2.00 ,20.50 ,1/20/23
GP250G,ABULENCIA GROUND PORK 250G,,5.00 ,500.00 ,1/20/23
GP9075,ABULENCIA GROUND PORK 500G,,3.00 ,582.00 ,1/20/23
PK9075,ABULENCIA KASIM 500G,,4.00 ,764.00 ,1/20/23
PA9075,ABULENCIA PORK ADOBO 500G,,1.00 ,197.00 ,1/20/23
PL9075,ABULENCIA PORK LIEMPO,,2.00 ,398.00 ,1/20/23
PR9075,ABULENCIA PORK RIBS 500G,,4.00 ,764.00 ,1/20/23
PS9075,ABULENCIA PORK STEAK 500G,,2.00 ,394.00 ,1/20/23
4801962203623,ADVANCED AEROSOL 300MLX12,,1.00 ,200.50 ,1/20/23
4801958240007,AJINOMOTO 100GX12X8,,1.00 ,24.00 ,1/20/23
4800575130166,ALASKA CONDENSADA 216MLX48,,7.00 ,234.50 ,1/20/23
4800575140158,ALASKA EVAPORADA 140MLX48,,2.00 ,32.00 ,1/20/23
4800575140370,ALASKA EVAPORADA 370MLX48,,1.00 ,32.00 ,1/20/23
4675,ALL PURPOSE FLOUR 1KGX50,,3.00 ,210.00 ,1/20/23
4806516143059,ALLATIN IODIZED SALT 1KGX25,,1.00 ,39.00 ,1/20/23
510,ALMOND 200G,,1.00 ,195.00 ,1/20/23
4806501594644,ANCHOR FAMILY MILK PLAIN 300GX24,,1.00 ,95.25 ,1/20/23
4806501594651,ANCHOR FMILK WWM 655GX12,,1.00 ,179.25 ,1/20/23
748485401386,ANGEL ALL PURPOSE CREAMER 370MLX24,,7.00 ,350.00 ,1/20/23
748485400808,ANGEL CONDENSADA 380GX48,,1.00 ,51.00 ,1/20/23
748485401225,ANGEL KREMDENSADA WTC 410MLX24,,2.00 ,122.00 ,1/20/23
4806501597027,ANLENE MOVEMAX PLAIN 180G 1X24,,3.00 ,332.25 ,1/20/23
748485802473,ARGENTINA CORNED CHICKEN REG 150G,,5.00 ,178.75 ,1/20/23
748485800790,ARGENTINA FIESTA SAUSAGE 175GX48,,2.00 ,60.00 ,1/20/23
748485804064,ARGENTINA GINILING 1/4KILO 250GX48,,8.00 ,342.00 ,1/20/23
748485801490,ARGENTINA MEAT LOAF 150GX48,,2.00 ,48.00 ,1/20/23
748485800233,ARGENTINA MEAT LOAF 170GX48,,9.00 ,229.50 ,1/20/23
748485803685,ARGENTINA SPICY CORNED CHICKEN 150GX48,,1.00 ,34.25 ,1/20/23
748485800493,ARGENTINA VIENNA SAUSAGE 260GX48,,3.00 ,154.50 ,1/20/23
4987176068781,ARIEL FRAGRANT PERFUME 70G B6G1 30S,,2.00 ,179.00 ,1/20/23
4902430774628,ARIEL LQD REGULAR 64G(6+1)X16,,1.00 ,87.75 ,1/20/23
4902430708234,ARIEL POWDER SUNRISE FRESH (6+1) 70GX31,,3.00 ,268.50 ,1/20/23
4100290003555,ARLA MILK GOODNESS FULL CREAM 1LX12,,4.00 ,343.00 ,1/20/23
4808888843414,AXION DWL KALAMANSI 250MLX20,,1.00 ,64.25 ,1/20/23
4808888821122,AXION PASTE KALAMANSI 350GX24,,1.00 ,64.00 ,1/20/23
4806519821206,BABY FIRST WIPES 60SX3SX12,,1.00 ,143.75 ,1/20/23
4800067060339,BABYFLO OIL NOURISHING 25MLX288,,1.00 ,24.25 ,1/20/23
4800194105842,BAKED PORKY POPPS HOT&SPICY 34GX50,,1.00 ,29.50 ,1/20/23
8998866618397,BARSOAP NUVOCARE PRO 135GX72,,1.00 ,22.75 ,1/20/23
4800361385312,BB ADULT PLUS 1KGX12,,1.00 ,495.00 ,1/20/23
4800361379373,BB ADULT PLUS 300GX32,,1.00 ,155.00 ,1/20/23
4800361393515,BB CHOCO 900GX12,,2.00 ,673.00 ,1/20/23
4800361421799,BB FORTIFIED 1400GX10,,1.00 ,540.00 ,1/20/23
4800361410816,BB FORTIFIED SWACK PACK P10 33GX128,,14.00 ,143.50 ,1/20/23
4800361410892,BB POW FORTIFIED MILK 320GX36,,1.00 ,122.50 ,1/20/23
4800361381086,BB PWD MILK DRINK 150GX72,,1.00 ,51.00 ,1/20/23
4800361388047,BB PWR MILK 900GX14,,3.00 ,"1,010.25 ",1/20/23
4800361388337,BB PWR MILK DRINK 1.2KGX12,,1.00 ,406.75 ,1/20/23
4800361388771,BB PWR MILK DRINK 700GX14,,3.00 ,825.75 ,1/20/23
4800361331500,BB STERILIZED 200MLX32,,3.00 ,80.25 ,1/20/23
4800417059464,BENCH SCENT SUNDAY MRNING 50ML,,1.00 ,29.00 ,1/20/23
4806525621333,BEYBIKO WIPES UNSCENTED 80+20X30,,1.00 ,40.75 ,1/20/23
4808680022611,BF SALAD & SANDWICH MATE D 220MLX24,,1.00 ,55.50 ,1/20/23
4806501690667,BIG OVEN BROWNIES 200G,,1.00 ,48.25 ,1/20/23
8992628034159,BIMOLI VEG OIL RP 1LX12,,2.00 ,274.00 ,1/20/23
8992628032155,BIMOLI VEG OIL RP 2LX6,,1.00 ,265.50 ,1/20/23
4800249008647,BINGO BEEF LOAF 150GX48,,6.00 ,120.00 ,1/20/23
4807770100697,BINGO CHOCO VANILLA 28GX10SX30,,2.00 ,117.00 ,1/20/23
4800249005776,BINGO CORNED BEEF 150GX48,,15.00 ,322.50 ,1/20/23
4807770100611,BINGO EC DOUBLE CHOCO 28GX10SX30,,1.00 ,58.50 ,1/20/23
4800011115061,BIODERM BLOOM 135GX72,,1.00 ,39.50 ,1/20/23
4800011115047,BIODERM BLOOM 90GX100,,1.00 ,28.75 ,1/20/23
4800011114248,BIODERM FRESHEN 90GX100,,3.00 ,85.50 ,1/20/23
4800011115269,BIODERM PRISTINE 135GX72,,1.00 ,38.75 ,1/20/23
748485913049,BIRCH TREE FORTIFIED 1KG+100GX12,,5.00 ,"1,357.50 ",1/20/23
748485401492,BIRCH TREE FORTIFIED 33G x160,,16.00 ,140.00 ,1/20/23
748485401621,BIRCH TREE FORTIFIED CHOCO 29G,,7.00 ,63.00 ,1/20/23
4806519820704,BLEST KITCHEN TOWELS 70PX48,,1.00 ,42.25 ,1/20/23
4809011681378,BOY B CNICK GARLIC 100GX40,,1.00 ,18.50 ,1/20/23
4809011681194,BOY B CNICK HOT GARLIC 100GX40,,2.00 ,37.00 ,1/20/23
4800631001928,BOY BAWANG ASSTD NUTS 85GX40,,2.00 ,43.00 ,1/20/23
4800631000488,BOY BAWANG MIXED NUTS 100GX40,,1.00 ,37.00 ,1/20/23
4800040311410,BUTTER COOKIES 70GX60,,2.00 ,56.00 ,1/20/23
4800116077028,BUTTER CREAM CHOCO 20X10S,,2.00 ,118.50 ,1/20/23
4800040312219,BUTTER CRUNCH COOKIES 200GX36,,3.00 ,175.50 ,1/20/23
213,CABANATUAN HAMONADO 500G,,1.00 ,190.50 ,1/20/23
206,CABANATUAN LONGGANISA GARLIC,,1.00 ,190.00 ,1/20/23
4806501709109,CALLA P FLORAL 45GX240,,6.00 ,33.00 ,1/20/23
4808647210099,CALUMET 50GX72,,2.00 ,31.50 ,1/20/23
4801010369127,CAREFREE BREATHABLE PL 15SX36,,2.00 ,51.00 ,1/20/23
8850007330035,CAREFREE SD LONG SC PINK 20SX12,,1.00 ,76.00 ,1/20/23
4800011121550,CASINO ETHYL FEMME 70% 250ML,,1.00 ,47.50 ,1/20/23
4800552888004,CDELIGHT CHOCO CHIP 200GX24,,1.00 ,55.25 ,1/20/23
4800249008456,CDO CHICKEN FRANKS CLASSIC 1K,,1.00 ,205.25 ,1/20/23
4800249008463,CDO CHICKEN FRANKS CLASSIC JUMBO 1KG,,2.00 ,410.50 ,1/20/23
4800249043358,CDO CHICKEN LUNCHEON MEAT 350GX24,,2.00 ,193.00 ,1/20/23
4800249044485,CDO CORNED BEEF CHILI GARLIC 150GX48,,1.00 ,38.25 ,1/20/23
4800249699029,CDO FUNTASTYK LONGGANIZA 240G,,1.00 ,101.00 ,1/20/23
4800249908237,CDO KARNE NORTE GUISADO 175GX48,,2.00 ,72.50 ,1/20/23
4800249909548,CDO LIVER SPREAD 85GX48,,1.00 ,22.50 ,1/20/23
4800249165333,CDO NF SKINLESS LONGANIZA 250G,,1.00 ,92.00 ,1/20/23
4800249026504,CDO PEAR SHAPED HAM 800G,,1.00 ,261.00 ,1/20/23
4800249071726,CDO REG SWEET HAM 500G,,1.00 ,224.00 ,1/20/23
4806501705057,CHAMP PWER ORG SUPRA CLN 2kgX6,,1.00 ,183.50 ,1/20/23
4806501705309,CHAMPION POWDER CITRUS 40GX288,,6.00 ,31.50 ,1/20/23
4806501705613,CHAMPION SUNNY FRESH 2KGX6,,1.00 ,183.25 ,1/20/23
4806501705200,CHAMPION WFC 40GX288,,6.00 ,31.50 ,1/20/23
4800045411177,CHARM FABCON BERRIES&BLOSSOM 30MLX360,,12.00 ,60.00 ,1/20/23
4800045411153,CHARM FABCON BERRIES&BLOSSOM 400MLX24,,1.00 ,64.25 ,1/20/23
4800045411160,CHARM FABCON PEONY FANTASY 30MLX360,,12.00 ,60.00 ,1/20/23
4800045411245,CHARM PINK PEONYFNTSY 800MLX12,,1.00 ,121.25 ,1/20/23
4800488958581,CHARMEE AF DRY NET 8SX36,,1.00 ,19.00 ,1/20/23
4800488101314,CHARMEE AF DRY NET WWINGS 8SX36,,3.00 ,67.50 ,1/20/23
4800488011477,CHARMEE ALL NIGHT PLUS 4SX24,,1.00 ,24.00 ,1/20/23
4800488100188,CHARMEE ALL TOF W/WINGS 12SX24,,3.00 ,83.25 ,1/20/23
4800488960669,CHARMEE COTTONY NO WINGS 12SX24,,1.00 ,23.50 ,1/20/23
4800488100119,CHARMEE HEAVY FLOW NIGHT USE 8SX36,,1.00 ,22.75 ,1/20/23
4800488958604,CHARMEE PL GGIRL ROSE SCENT 8SX60,,1.00 ,8.75 ,1/20/23
4800488100072,CHARMEE PLB  DEO GREEN TEA 8SX48,,1.00 ,12.25 ,1/20/23
4800488011330,CHARMEE PLB LAVANDER SCENT 20SX24,,3.00 ,82.50 ,1/20/23
4800488100058,CHARMEE PLB UNSCENTED 8SX48,,2.00 ,23.00 ,1/20/23
4806502163689,CHEERS BIO TRANS TRASH BAGS L10SX50,,1.00 ,59.00 ,1/20/23
4806502161999,"CHEERS SPOON&FORK GREEN 6""X24X20",,1.00 ,56.00 ,1/20/23
4806502161364,CHEERS TRASH BAGS BLACK L26X32INX50,,4.00 ,230.00 ,1/20/23
4806502161357,CHEERS TRASH BAGS M BLACK 22X24X80,,5.00 ,196.25 ,1/20/23
4808647010026,CHEEZ WHIZ PLAIN 220GX24,,1.00 ,86.75 ,1/20/23
7622210074980,CHEEZ WHIZ SP ORIG 220GX24,,2.00 ,150.00 ,1/20/23
4800216121058,CHEEZY CORN PLAIN 70GX40,,3.00 ,69.00 ,1/20/23
4800216122437,CHEEZY CORN RED HOT 70GX40,,3.00 ,69.00 ,1/20/23
4800216125919,CHEEZY ORIGINAL150GX20,,1.00 ,43.50 ,1/20/23
4806506313974,CHERUB BABY WIPES 48X20S,,1.00 ,34.00 ,1/20/23
4800571117789,CHIC NAIL POLISH SILVER DUST 11ML,,1.00 ,38.50 ,1/20/23
4800016601590,CHIPPY GARLIC & VINEGAR 110GX50,,3.00 ,69.00 ,1/20/23
4800016635076,CHIPPY MILD & TASTY 110GX50,,1.00 ,21.50 ,1/20/23
4800040352314,CHOCO MALLOWS 100GX6SX48,,4.00 ,158.00 ,1/20/23
4800040352413,CHOCO MALLOWS SP 36GX120,,6.00 ,93.00 ,1/20/23
4800092116520,CHOCO MUCHO COOKIE DOUBLE CHOCO 30X10S,,1.00 ,72.00 ,1/20/23
4800092116544,CHOCO MUCHO COOKIE SAND WHITE 30X10S,,2.00 ,144.00 ,1/20/23
4800040314213,CHOCOLATE CHIP 200GX36,,1.00 ,61.50 ,1/20/23
4800040314428,CHOCOLATE CHIP 80GX60,,1.00 ,29.50 ,1/20/23
4806501691213,CHOCOVRON BITESIZE MATCHA 80GX24,,1.00 ,61.00 ,1/20/23
4800016961625,CHOOEY TOFFEE 40MB+3X10,,1.00 ,38.75 ,1/20/23
4800361419413,CHUCKIE SAVERPACK 180MLX6SX6,,3.00 ,406.50 ,1/20/23
4800888113474,CLOSE UP RED 95MLX48,,1.00 ,86.50 ,1/20/23
4800888147288,CLOSE UP TP RED HOT 12GX144,,12.00 ,93.00 ,1/20/23
4800216110144,CLOVER BBQ 145GX25,,1.00 ,47.50 ,1/20/23
4800216110458,CLOVER BITS CHICKEN 7GX20SX25,,1.00 ,20.00 ,1/20/23
4800216110014,CLOVER CHEESE 85GX35,,1.00 ,29.75 ,1/20/23
4800216130029,CLOVER HAM & CHEESE 55GX40,,2.00 ,38.50 ,1/20/23
4806026200921,CO CHESY PESTO P/S 24X180G,,2.00 ,293.00 ,1/20/23
4800611223579,COBRA SMART ED 350MLX24,,1.00 ,21.25 ,1/20/23
748485150079,COCO MAMA FRESH GATA 48X2OOML,,1.00 ,31.25 ,1/20/23
748485150093,COCO MAMA GATA 400MLX24,,1.00 ,63.50 ,1/20/23
4801981116072,COKE 1.5LX12,,1.00 ,63.00 ,1/20/23
6920354823985,COL TP FRSH CONF FRSH 175G TWIN,,1.00 ,162.25 ,1/20/23
8850006323670,COLGATE FRESH CONFI KOOL MNTHOL 50MLX72,,1.00 ,56.00 ,1/20/23
8850006323694,COLGATE FRESH CONFIDENCE KOOL MENTHOL FRESH 145MLX54,,1.00 ,132.25 ,1/20/23
8850006320495,COLGATE MCP GRF 145MLX48,,1.00 ,137.25 ,1/20/23
8850006301135,COLGATE PLAX PPMINT FRESH 500MLX12,,1.00 ,213.25 ,1/20/23
4808888320106,COLGATE TOOTH BRUSH CLASSIC FLOW WRAP MEDIUM,,6.00 ,87.00 ,1/20/23
8850006327449,COLGATE TP SFRESH TWINPACK 175GX27,,1.00 ,160.50 ,1/20/23
4800086134325,CORNETTO CL CHOCOLATE 110MLX24,,2.00 ,51.00 ,1/20/23
4800086043306,CORNETTO COOKIES & DREAM 110MLX24,,1.00 ,25.50 ,1/20/23
4800010075564,CREAM O CHOCO FUDGE 30GX10SX20,,2.00 ,140.00 ,1/20/23
4800888217134,CREAMSILK LONG&LUSCIOUS 170MLX24,,1.00 ,140.25 ,1/20/23
4801958393109,CRISPY FRY GARLIC 13X14X62G,,4.00 ,66.00 ,1/20/23
4801958390108,CRISPY FRY ORIG 62GX13X14,,15.00 ,247.50 ,1/20/23
748485107639,CT BANGUS SISIG 150GX48,,1.00 ,43.00 ,1/20/23
748485100401,CT FLAKES IN OIL 155GX50,,7.00 ,274.75 ,1/20/23
748485100319,CT FLAKES IN OIL 420GX24,,1.00 ,97.25 ,1/20/23
748485100081,CT FLAKES IN VEG OIL 180GX48,,1.00 ,44.50 ,1/20/23
4805358373471,DAILY QUEZO 440GX12,,1.00 ,100.00 ,1/20/23
4805358247017,DARI CREME BUTTERMILK 100G,,2.00 ,77.00 ,1/20/23
4805358246010,DARI CREME CLASSIC 100GX48,,1.00 ,38.50 ,1/20/23
4805358246041,DARI CREME CLASSIC 200GX48,,1.00 ,63.00 ,1/20/23
4801668505038,DATU PUTI PATIS PET 350MLX24,,1.00 ,25.25 ,1/20/23
4801668500286,DATU PUTI SOY SAUCE PET 385MLX24,,1.00 ,22.00 ,1/20/23
4801668600832,DATU PUTI SUP SOY SAUCE 340MLX30,,4.00 ,71.00 ,1/20/23
4800047841415,DEL FS BLUE FRESH SUP 1LX12,,1.00 ,139.25 ,1/20/23
4800047847349,DEL FS LAVENDER 33MLX336,,6.00 ,31.50 ,1/20/23
4800047847332,DEL FS PINK 33MLX336,,24.00 ,126.00 ,1/20/23
4800024574350,DM PINEAPPLE CHUNKS 200GX24,,1.00 ,28.50 ,1/20/23
4800024583178,DM POTATO CRISP SPICY 100GX48,,5.00 ,137.50 ,1/20/23
4800024556233,DM SALAD MACARONI PI 1KGX10,,1.00 ,125.25 ,1/20/23
4800024577139,DM SW BLEND BKETSUP WSPOUT 320GX36,,3.00 ,90.75 ,1/20/23
4800024582461,DM SWEET CHILI SAUCE POUCH 320GX36,,1.00 ,36.75 ,1/20/23
4800888152107,DOMEX GKILL ORIGINAL 500MLX24,,1.00 ,107.00 ,1/20/23
9557727929202,DOREEN CONDENSED MILK 390GX48,,1.00 ,49.25 ,1/20/23
8717644190555,DOVE CB FRESH MOISTURE 100GX48,,1.00 ,67.25 ,1/20/23
4800888206565,DOVE CON KERATIN REPAIR 10MLX288,,6.00 ,42.00 ,1/20/23
4800888154255,DOVE SH NOC 10MLX288,,18.00 ,99.00 ,1/20/23
4800092551611,DOWEE DONUT CHOCO 42GX10SX10,,3.00 ,301.50 ,1/20/23
4800092552786,DOWEE DONUT WHITE 42GX10SX10,,1.00 ,100.50 ,1/20/23
4987176057341,DOWNY FABCON ANTIBAC 23MLX360,,12.00 ,75.00 ,1/20/23
4902430873703,DOWNY KONTRA KULOB 23MLX360,,24.00 ,144.00 ,1/20/23
4902430846752,DOWNY PASSION 20ML B6G1 60S,,5.00 ,181.25 ,1/20/23
4902430729901,DOWNY PC PASSION 20MLX360,,12.00 ,72.00 ,1/20/23
4902430346177,DOWNY SUNRISE FRESH 40MLX144,,7.00 ,63.00 ,1/20/23
4801668603628,DP S SOY SAUCE 1LX12,,2.00 ,100.00 ,1/20/23
4801668602034,DP S SOY SAUCE 200MLX60,,6.00 ,63.00 ,1/20/23
4801668602027,DP S WHITE VINEGAR 200MLX60,,3.00 ,24.75 ,1/20/23
8851717040245,DUTCH MILL BBERRY 180MLX48,,4.00 ,82.00 ,1/20/23
8851717200014,DUTCH MILL BLUEBERRY 90MLX48,,4.00 ,46.00 ,1/20/23
8851717040030,DUTCH MILL MFRUITS 180MLX48,,4.00 ,82.00 ,1/20/23
8851717200045,DUTCH MILL MIXED FRUIT 90MLX48,,4.00 ,46.00 ,1/20/23
8851717040023,DUTCH MILL ORANGE 180MLX48,,8.00 ,164.00 ,1/20/23
8853002302038,DUTCH MILL SFRUITS 180MLX48,,4.00 ,82.00 ,1/20/23
8851717904974,DUTCHMILL DELIGHT PBIO 100MLX5SX10,,1.00 ,55.25 ,1/20/23
8851717200007,DUTCHMILL SBERRY 90MLX48,,11.00 ,126.50 ,1/20/23
4800016307102,DYNAMITE MELON MINT 50X40,,1.00 ,38.50 ,1/20/23
203020,ECO BAG WITH HANDLE LARGE,,3.00 ,39.00 ,1/20/23
203019,ECO BAG WITH HANDLE MEDIUM,,5.00 ,50.00 ,1/20/23
203021,ECO BAG WITH HANDLE XL,,12.00 ,180.00 ,1/20/23
4808647020094,EDEN CHEESE 165GX48,,4.00 ,225.00 ,1/20/23
7622210278418,EDEN SANDWICH SPREAD 80MLX72,,4.00 ,68.50 ,1/20/23
EGG30,EGG 30PCS,,2.00 ,580.00 ,1/20/23
8996001603444,ENERGEN CHAMPION TP 35GX2SX120,,8.00 ,114.00 ,1/20/23
8996001440049,ENERGEN HANGER CHOCOLATE 40GX240,,20.00 ,165.00 ,1/20/23
8996001440124,ENERGEN HANGER VANILLA 40GX240,,5.00 ,41.25 ,1/20/23
4800488958925,EQ DRY JUMBO PACK  SMALL 60SX4,,1.00 ,450.75 ,1/20/23
4800488958796,EQ DRY MINI L 4SX42,,1.00 ,37.50 ,1/20/23
FACEMASK,FACE MASK 10S,,3.00 ,60.00 ,1/20/23
4806502352724,FEMME COTTON PADS 35SX100,,1.00 ,28.25 ,1/20/23
4806502163528,FEMME ESSENTIALS @89 120PX3SX10,,3.00 ,267.00 ,1/20/23
4806502359761,FEMME TISSUE 2PLY 4SX24,,2.00 ,73.50 ,1/20/23
4804888884617,FF BOSSING CHEESEDOG 1KG,,1.00 ,173.00 ,1/20/23
4804888617048,FF BOSSING CHEESEDOG KINGSIZE,,1.00 ,173.00 ,1/20/23
4804888884457,FF SUPERJUMBO CHEESEDOG 1KG,,1.00 ,173.00 ,1/20/23
766966325563,FIESTA IG COCONUT MILK PWR 50GX144,,1.00 ,29.00 ,1/20/23
4800110099606,FIESTA PARTY PACK SWEET SV54X8,,1.00 ,113.50 ,1/20/23
4806511062850,FINO COTTON BUDS 108TIPSX216,,2.00 ,37.00 ,1/20/23
4809011226135,FIRST CHOICE FRESH JAP RAMEN 250GX20,,1.00 ,13.00 ,1/20/23
4800194180184,FISHDA FISH KROPECK 80GX15,,1.00 ,20.00 ,1/20/23
750515017450,FITA CRACKERS 30GX10SX24,,2.00 ,112.50 ,1/20/23
4800040211239,FLAT TOPS MILK CHOCO 50GX100,,2.00 ,35.00 ,1/20/23
4806525620183,FREEDA B2 ALL DAY FRPLINER 18S,,1.00 ,39.25 ,1/20/23
8996001338063,FRES BARLEY MC 3GX50SX24,,2.00 ,70.00 ,1/20/23
8996001346297,FRES CHERRY MC 3GX50SX24,,1.00 ,35.00 ,1/20/23
748485900070,FRESCA TUNA ADOBO 175GX48,,4.00 ,118.00 ,1/20/23
748485900056,FRESCA TUNA AFRITADA 175GX48,,4.00 ,115.00 ,1/20/23
748485900032,FRESCA TUNA CALDERETA 175GX48,,6.00 ,171.00 ,1/20/23
748485900094,FRESCA TUNA FLAKES IN OIL 175GX48,,2.00 ,64.00 ,1/20/23
748485900063,FRESCA TUNA LPAKSIW 175GX48,,3.00 ,88.50 ,1/20/23
748485900049,FRESCA TUNA MECHADO 175GX48,,2.00 ,57.00 ,1/20/23
4806516221801,FRESH BRUSH FLEXI CHARCOAL,,2.00 ,48.50 ,1/20/23
6924180200163,FRESH TISSUE 12SX8,,5.00 ,677.50 ,1/20/23
6924180200897,FRESH TISSUE 4SX12,,4.00 ,213.00 ,1/20/23
4804880551739,FRITO PLUS CANOLA OIL 900MLX12,,2.00 ,280.00 ,1/20/23
4804880551401,FRITO PLUS PURE PALM OIL(SUP) 12x900ml,,2.00 ,267.50 ,1/20/23
4800092111792,FROOTEES STRAWBERRY 320GX30,,1.00 ,57.75 ,1/20/23
4800818809071,FRUTOS TROPICAL FRUITS 50SX40,,1.00 ,32.75 ,1/20/23
4800092550911,FUDGEE BARR CHOCOLATE 38GX10SX10,,2.00 ,148.00 ,1/20/23
4800092551291,FUDGEE BARR MILK CCFCB 10SX10,,4.00 ,296.00 ,1/20/23
8850006536063,GARD AD REFRESHING MENTHOL 14MLX288,,12.00 ,66.00 ,1/20/23
4806502720417,GARDENIA WHITE BREAD CLASSIC 400G,,1.00 ,57.00 ,1/20/23
4806502720615,GARDENIA WHITE BREAD CLASSIC 600G,,4.00 ,328.00 ,1/20/23
4803925350054,GATORADE BLUE BOLT 350MLX24,,2.00 ,64.50 ,1/20/23
4803925061141,GATORADE BLUE BOLT 500MLX24,,3.00 ,124.50 ,1/20/23
4800047820199,GC 70%EALC WMOIST 250MLX48,,2.00 ,96.50 ,1/20/23
4800047865282,GC MOIST PRO AQUA CLEAN 125GX48,,1.00 ,35.00 ,1/20/23
4800047865428,GC MOIST PRO CLEAR RADIANCE 55GX72,,2.00 ,29.00 ,1/20/23
4800047863134,GC MOIST PRO COOL MOUNTAIN 125GX48,,2.00 ,70.00 ,1/20/23
4800047863158,GC MOIST PRO COOL MOUNTAIN 55GX72,,2.00 ,29.00 ,1/20/23
4800047863011,GC MOIST PRO PURE CARE 85GX60,,2.00 ,44.00 ,1/20/23
4800047865404,GC SOAP MOIST PROCLEAR RAD 125GX48,,3.00 ,105.00 ,1/20/23
4800047865329,GC SOAP MP PAPAYA & HONEY 85GX60,,1.00 ,26.50 ,1/20/23
4800047820557,GC SPRAY ISOW/MOIST 70% 300MLX12,,2.00 ,164.00 ,1/20/23
033748000124,GINA MANGO NECTAR 240MLX30,,5.00 ,220.00 ,1/20/23
4801958377000,GINISA 100GX48,,1.00 ,25.75 ,1/20/23
4801958846100,GINISA MIX 8GX16SX54,,2.00 ,83.00 ,1/20/23
4800156001397,GL FACIAL WIPES BLUE 12WX36,,1.00 ,19.50 ,1/20/23
GUYABANO,GM GUYABANO COFFEE 21GX12S,,2.00 ,336.00 ,1/20/23
4800282810016,GOLDEN HASH BROWN 639G,,1.00 ,205.00 ,1/20/23
4800186001268,GOLDEN OATS WHOLE GRAIN IO 400GX24,,1.00 ,64.50 ,1/20/23
4801688103726,GOLDEN SWEET CORN 60GX25,,4.00 ,66.00 ,1/20/23
4002309006109,GOYA CS RICH CHOCO 400GX12,,1.00 ,170.50 ,1/20/23
750515021242,GRAHAMS HONEY 10 SINGLES 10SX30,,1.00 ,59.50 ,1/20/23
750515021204,GRAHAMS HONEY CRACKERS 200GX24,,4.00 ,158.00 ,1/20/23
4809012063821,GREEN LEAF ULTRA STRONG 1X20,,2.00 ,289.00 ,1/20/23
4800016022258,GT CHOCO TWIN PACK 50GX10X24,,10.00 ,120.00 ,1/20/23
4800010012019,GT GRANULES 100GX24,,2.00 ,155.00 ,1/20/23
4800010009767,GT GRANULES 25GX48,,1.00 ,21.00 ,1/20/23
4800010012033,GT GRANULES 50GX24,,2.00 ,81.50 ,1/20/23
4800016012266,GT PREMIUM 25GX48,,1.00 ,19.50 ,1/20/23
4800016022944,GT SUPREME BLACK FOREST LATTE 26GX120,,10.00 ,82.50 ,1/20/23
4800016022210,GT WHITE CARAMEL 30GX10X24,,10.00 ,80.00 ,1/20/23
4800112010111,GUITAR MATCH 10SX120,,1.00 ,16.50 ,1/20/23
4902430736510,H&S ADS LEMON 12MLX504,,12.00 ,75.00 ,1/20/23
4902430522809,H&S SHAMPOO COOL MENTHOL MEN 12MLX504,,6.00 ,39.00 ,1/20/23
4806506702198,H&Y JELLYBEE STICK ASSTD 320GX20,,1.00 ,19.25 ,1/20/23
4806513103360,HAILEYS PETROLEUM JELLY 25G,,3.00 ,118.50 ,1/20/23
8850338000553,HALLS HONEY LEMON 50SX60,,1.00 ,37.75 ,1/20/23
4800034014440,HAPEE KIDDIE APPLE 50MLX72,,1.00 ,43.50 ,1/20/23
4902430721011,HEAD&SHOULDER SHAMPOO (11+1) 12MLX36,,2.00 ,140.00 ,1/20/23
6903244670548,HEARTEX TRAVELLERS TISSUE ASSTD/100,,1.00 ,13.00 ,1/20/23
6922868287611,HEARTTEX BT SCENTED 1X50,,33.00 ,"1,089.00 ",1/20/23
6903244958110,HEARTTEX BT UNSCENTED 1X50,,14.00 ,462.00 ,1/20/23
6922868285273,HEARTTEX POCKET TISSUE PINK SCENTED 6X72,,4.00 ,105.00 ,1/20/23
4800249011579,HIGHLANDS CORNED BEEF 260GX48,,5.00 ,465.00 ,1/20/23
4800040342636,HIRO 33GX10SX24,,1.00 ,63.25 ,1/20/23
4800158987033,HOKKAIDO MAC IN NAT OIL 155GX100,,2.00 ,66.00 ,1/20/23
4800158987019,HOKKAIDO MAC IN NAT OIL 425GX48,,3.00 ,216.00 ,1/20/23
4800110026497,HOMI BEEF BRISKET 55GX72,,8.00 ,68.00 ,1/20/23
4800110025995,HOMI CHICKEN & GARLIC 55GX72,,3.00 ,25.50 ,1/20/23
4806518846026,HONEY HOUSE SOUR CREAM & ONION 22GX10SX30,,3.00 ,155.25 ,1/20/23
8888336021027,HUGGIES DRY DIAPERS M34SX4,,1.00 ,346.50 ,1/20/23
4800022010287,HUNTS PORK & BEANS 100G,,3.00 ,41.25 ,1/20/23
4800022100025,HUNTS PORK & BEANS 390GX48,,3.00 ,159.75 ,1/20/23
4800022100070,HUNTS PORK AND BEANS 175GX48,,2.00 ,46.00 ,1/20/23
4800119240290,HYGIENIX ALCOHOL SPRAY 250ML,,1.00 ,65.00 ,1/20/23
4806517681345,INSTAMEALS CHAMPORADO 65GX36,,1.00 ,34.25 ,1/20/23
4806502350324,JADE TISSUE VALUE 2PLY 4SX24,,1.00 ,31.50 ,1/20/23
1001,JAPONICA RICE 25KLS,,4.00 ,"5,480.00 ",1/20/23
1002,JASMINE RICE 25KLS,,2.00 ,"2,520.00 ",1/20/23
9556006014585,JB SHAMPOO SOFT&SHINY 100MLX4X12,,1.00 ,83.00 ,1/20/23
4808885197701,JERGENS ULTRA HEALING 100MLX20,,1.00 ,106.00 ,1/20/23
745178432306,JICSAM MANGOSTEEN NO SUGAR 12GX10S,,1.00 ,117.75 ,1/20/23
6940524000893,JIEBANG CLING WRAP 30CMX100MX100,,1.00 ,39.25 ,1/20/23
4806509690829,JIMMS 5N1 SUGAR FR 21GX20X30,,20.00 ,295.00 ,1/20/23
4806014099612,JOLLY CANOLA OIL 500MLX24,,1.00 ,103.25 ,1/20/23
4806014099162,JOLLY CLARO PALM OIL SUP 1LX12,,2.00 ,300.50 ,1/20/23
4806014099179,JOLLY CLARO PALM OIL SUP 2LX6,,1.00 ,288.50 ,1/20/23
4806014096574,JOLLY CLARO PALM OIL SUP DUO 1LX6,,3.00 ,867.75 ,1/20/23
4806030204151,JOLLY COW CONDENSADA 1KGX24,,1.00 ,113.50 ,1/20/23
4902430790413,JOY ANTIBAC 17ML B6G1 30S,,1.00 ,32.25 ,1/20/23
4902430154239,JOY ANTIBAC WPO SAFEGUARD 200MLX40,,1.00 ,66.00 ,1/20/23
4902430154147,JOY CC LEMON 200MLX40,,3.00 ,162.00 ,1/20/23
4801668300039,JUFRAN SWEET CHILI SAUCE 330GX24,,1.00 ,52.00 ,1/20/23
14809011294964,JUIGO GUAVA JUICE 200MLX10,,2.00 ,160.50 ,1/20/23
9556121026913,JULIES BUTTER CRACKERS 125GX24,,1.00 ,33.00 ,1/20/23
9556121026982,JULIES LE-MOND CHEDDAR 90GX24,,1.00 ,52.50 ,1/20/23
4806537350030,KABARRO 9N1 COFFEE MIX 18GX240,,10.00 ,150.00 ,1/20/23
4806516220378,KAMI KITCHEN TOWEL TP 2PLY 18S,,1.00 ,73.50 ,1/20/23
SPOON,KAPITAN SPOON 25 PCS.,,2.00 ,26.00 ,1/20/23
KF94,KF94 FACEMASK,,2.00 ,40.00 ,1/20/23
4800361381604,KIMY JELLY TONGUE RED APPLE 43GX40,,5.00 ,90.00 ,1/20/23
4800361399517,KIMY MILKY STICK 43GX40,,1.00 ,17.50 ,1/20/23
D718,KING JAMES CHEESY LUNCHEON MEAT 250G,,1.00 ,61.25 ,1/20/23
D716,KING JAMES PLAIN MINI 250G,,1.00 ,52.75 ,1/20/23
D714,KING JAMES SLICED MEAT MEATLOAF 250G,,2.00 ,118.50 ,1/20/23
4800133200270,KING SUE HICKORY SMOKED BACON 227G,,1.00 ,180.50 ,1/20/23
4800888600998,KNORR BEEF BROTH CUBE 60GX72,,1.00 ,35.25 ,1/20/23
4800888602718,KNORR CHICKEN BROTH CUBES 10GX576,,38.00 ,228.00 ,1/20/23
4800888601032,KNORR CHICKEN BROTH CUBES 120GX36,,1.00 ,69.25 ,1/20/23
4800888601025,KNORR CHICKEN BROTH CUBES 60GX72,,3.00 ,106.50 ,1/20/23
4800888607621,KNORR CHICKEN+GT TP(12+1)10GX48,,2.00 ,141.50 ,1/20/23
4800888603371,KNORR CRM GINATAANG GULAY 33GX96,,3.00 ,45.75 ,1/20/23
4800888603180,KNORR FISH SINIGANG MIX 10GX288,,27.00 ,189.00 ,1/20/23
4808680230764,KNORR LIQUID SEASONING 130MLX24,,1.00 ,57.75 ,1/20/23
4800888602879,KNORR LIQUID SEASONING DOY 250MLX24,,2.00 ,173.50 ,1/20/23
4800888602725,KNORR PORK BROTH CUBE 10GX576,,46.00 ,276.00 ,1/20/23
4800888601070,KNORR PORK BROTH CUBES 6SX72,,2.00 ,70.50 ,1/20/23
4800888607638,KNORR PORK+GT TP(12+1)10GX48,,1.00 ,70.75 ,1/20/23
4800888607959,KNORR SHRIMP BROTH CUBE 10GX576,,6.00 ,36.00 ,1/20/23
4800888609564,KNORR SINIGANG GABI+GTW 22GX24,,1.00 ,89.00 ,1/20/23
4800888605078,KNORR SINIGANG MIX WGABI 11GX288,,28.00 ,196.00 ,1/20/23
4808680652146,KNORR SINIGANG MIX WGABI 22GX144,,4.00 ,60.00 ,1/20/23
4800888600806,KNORR SINIGANG SM ORIG 40GX144,,1.00 ,26.00 ,1/20/23
4800888906779,KNORR SINIGANG WPLATE 20GX6SX24,,1.00 ,87.75 ,1/20/23
4809013220674,KOJIC ACID SOAP 135G,,1.00 ,66.00 ,1/20/23
4809015173268,KOJIC ACID SOAP 135GX150,,1.00 ,43.75 ,1/20/23
4809015173275,KOJIC GLUTA SOAP 135GX150,,1.00 ,57.50 ,1/20/23
4809013300215,KOJIE SAN SKIN LS 65GX2SX48,,3.00 ,153.75 ,1/20/23
4800361330657,KOKO KRUNCH 15GX12SX24,,3.00 ,218.25 ,1/20/23
4800361292382,KOKO KRUNCH 500GX10,,1.00 ,217.00 ,1/20/23
4800361389426,KOKO KRUNCH AN1 35GX72,,2.00 ,29.00 ,1/20/23
4800361328463,KOKOKRUNCH Flowpack 24(12x15g),,1.00 ,72.75 ,1/20/23
14809011294810,KOOLERS GRAPE 220MLX10S,,1.00 ,89.00 ,1/20/23
8996001410226,KOPIKO ASTIG 3IN1 HANGER 20GX240,,50.00 ,362.50 ,1/20/23
8996001410547,KOPIKO BROWN COFFEE H 25GX240,,36.00 ,261.00 ,1/20/23
8998666001719,KOPIKO BROWN TP 27.5G(2S)X10X12,,30.00 ,360.00 ,1/20/23
8996001414309,KOPIKO CAFE BLANCA 30GX10X24,,20.00 ,165.00 ,1/20/23
6920238011156,KOREAN CLAY POT RAMYUN 120GX30,,1.00 ,54.00 ,1/20/23
4800060200688,KOTEX FREEDOM UT 28CMX8SX24,,3.00 ,141.00 ,1/20/23
4800575141667,KREM-TOP COFFEE CREAMER 450GX24,,6.00 ,636.00 ,1/20/23
4806501952161,LAPU-LAPU SOY SAUCE 3.78LX4,,1.00 ,145.50 ,1/20/23
44,LARD SEALED COCONUT OIL 1/2KLX8,,3.00 ,150.00 ,1/20/23
22,LARD SEALED COCONUT OIL 1/4KLX12,,1.00 ,30.00 ,1/20/23
1KLCOCO,LARD SEALED COCONUT OIL 1KGX4,,1.00 ,95.00 ,1/20/23
4809010109354,LAURAS EGG CRACKLET 75GX60,,4.00 ,117.00 ,1/20/23
4809010109750,LAURAS OTAP 100GX60,,4.00 ,126.00 ,1/20/23
4808680022017,LC CHICKEN SPREAD 80MLX72,,2.00 ,71.00 ,1/20/23
4800888602275,LC CHICKEN SPREAD DOY 220MLX24,,2.00 ,204.00 ,1/20/23
4800888602282,LC HAM SPREAD DOY 220ML X24,,1.00 ,102.00 ,1/20/23
4808680021430,LC REAL MAYONNAISE 220MLX24,,1.00 ,114.25 ,1/20/23
4808680021355,LC REAL MAYONNAISE 80MLX72,,3.00 ,100.50 ,1/20/23
745114088185,LEAHS CHICKEN SHANGHAI,,1.00 ,43.25 ,1/20/23
745114088017,LEAHS CHICKEN SKINLESS,,4.00 ,195.00 ,1/20/23
745114088147,LEAHS TOCINO 250G,,1.00 ,72.25 ,1/20/23
745114088130,LEAHS TOCINO 500G,,1.00 ,143.00 ,1/20/23
8850007812173,LISTERINE TOTAL CARE 250MLX8,,1.00 ,161.50 ,1/20/23
08022022,LIVING SLICED MOONAII,,2.00 ,64.50 ,1/20/23
4800377100565,LIWANAG ESPERMA CANDLE NO16 4SX100,,1.00 ,39.00 ,1/20/23
4807770274169,LM GO CUP LOMI 40GX48,,1.00 ,26.25 ,1/20/23
4807770270017,LM IM BEEF N BEEF 55GX72,,13.00 ,113.75 ,1/20/23
4807770270024,LM IM CHICKEN N CHICKEN 55GX72,,10.00 ,87.50 ,1/20/23
4807770270116,LM IM ITNOK CHICKEN WEGG 55GX72,,15.00 ,150.00 ,1/20/23
4807770272660,LM MAC & CHEEZ IM 60GX72,,6.00 ,147.00 ,1/20/23
4807770274374,LM MIX&MATCH SWEETSPICYMANSI 79GX72,,10.00 ,150.00 ,1/20/23
4807770273698,LM PC CHILIMANSI 80GX72,,28.00 ,406.00 ,1/20/23
4807770274305,LM PC EXTRA HOT CHILI 75GX72,,11.00 ,159.50 ,1/20/23
4807770273674,LM PC KALAMANSI 80GX72,,34.00 ,493.00 ,1/20/23
4807770274275,LM PC KALAMANSI KASALO PACK 120GX48,,14.00 ,269.50 ,1/20/23
4807770274381,LM PC MIX&MATCH HOT+CHILI 79GX72,,4.00 ,60.00 ,1/20/23
4807770273704,LM PC ORIGINAL 80GX72,,10.00 ,145.00 ,1/20/23
4807770273711,LM PC SWEET & SPICY 80GX72,,16.00 ,232.00 ,1/20/23
4807770273100,LM SPL JJAMPPONG 65GX72,,3.00 ,58.50 ,1/20/23
4807770271519,LM SUP CHICKEN SOTANGHON 28GX48,,10.00 ,262.50 ,1/20/23
4807770272653,LM SUP JJAMPPONG 40GX48,,1.00 ,26.25 ,1/20/23
4804888999342,LORINS PATIS 150MLX48,,1.00 ,11.25 ,1/20/23
4806018406485,LSQ BIG CHEESE CAKE 42GX10SX12,,1.00 ,87.75 ,1/20/23
4809010626349,LSQ BROWNIES 35GX10SX12,,1.00 ,69.50 ,1/20/23
4809010626332,LSQ CHEESE CAKE 30GX10SX12,,3.00 ,208.50 ,1/20/23
4806018403866,LSQ CHOO2 CHOCOV 38GX10SX12,,1.00 ,75.00 ,1/20/23
4806018402319,LSQ INIPIT ASSTD 220GX10SX12,,1.00 ,53.00 ,1/20/23
6936845213166,LVTA PROTECTIVE MASK 3PLY 50S,,4.00 ,340.00 ,1/20/23
4805358327672,MAG CHEESE SQUEEZE PIMIENTO 120GX24,,1.00 ,44.25 ,1/20/23
4800361419642,MAGGI MAGIC SARAP PPRBAND 8GX16SX60,,11.00 ,715.00 ,1/20/23
4800361050104,MAGGI SAVOR CALAMANSI 130MLX24,,2.00 ,105.50 ,1/20/23
4800361050142,MAGGI SAVOR CHILI 130MLX24,,1.00 ,52.75 ,1/20/23
4800361316934,MAGGI SAVOR CHILIMANSI 130MLX24,,1.00 ,53.00 ,1/20/23
4800361050081,MAGGI SAVOR CLASSIC 130MLX24,,1.00 ,53.00 ,1/20/23
4800361416955,MAGGI SINIGANG MIX ORIG 12GX288,,6.00 ,33.00 ,1/20/23
4800016081132,MAGIC FLAVORS CHEESE 10SX40,,1.00 ,52.00 ,1/20/23
FC1,MAGNOLIA CHICKEN WHOLE,,4.70 ,949.40 ,1/20/23
2902826100453,MAGNOLIA CHICKEN WINGS,,1.05 ,218.93 ,1/20/23
4805358373037,MAGNOLIA DAILY QUEZO 185GX48,,1.00 ,40.25 ,1/20/23
2902826100460,MAGNOLIA DRUMSTICK,,2.10 ,411.60 ,1/20/23
4805358601086,MAGNOLIA FRESH MILK 1LX12,,1.00 ,101.00 ,1/20/23
4806512230357,MAGNOLIA PCAKE WMAPLE SYRUP 200GX48,,3.00 ,113.25 ,1/20/23
8998389132028,MALKIST OLEZZ SBERRY 20GX12,,1.00 ,53.50 ,1/20/23
4800011155630,MAMAS LOVE COTTON BALLS 50S,,1.00 ,17.50 ,1/20/23
4800016110511,MANG JUAN SUKANG PAOMBONG 90GX18,,2.00 ,39.00 ,1/20/23
4801668100288,MANG TOMAS AAS HOT & SPICY 325GX24,,2.00 ,73.50 ,1/20/23
4801668100264,MANG TOMAS ALL AROUND SARSA REG.325GX24,,1.00 ,35.50 ,1/20/23
4804880555225,MARCA LEON BCORN OIL 2LX6,,1.00 ,364.75 ,1/20/23
4804880552354,MARCA LEON CANOLA OIL  SUP 1LX12,,1.00 ,172.00 ,1/20/23
4804880553436,MARCA LEON CANOLA OIL 500MLX24,,2.00 ,182.00 ,1/20/23
4804880552347,MARCA LEON CORN OIL 450MLX24,,1.00 ,93.00 ,1/20/23
4804880552408,MARCA LEON CORN OIL STP 1LX2SX6,,1.00 ,368.00 ,1/20/23
4800405123665,MARCA PINA CANE VINEGAR 1LX12,,1.00 ,42.50 ,1/20/23
4800405130977,MARCA PINA PATIS 150MLX48,,1.00 ,13.25 ,1/20/23
4800016307010,MAXX EUCALYPTUS W/ MAXICOOL 50X40,,1.00 ,38.50 ,1/20/23
4800016306013,MAXX HONEY LEMON 50SX40,,1.00 ,38.50 ,1/20/23
4806508623002,MAYON DRY PEAS 155GX100,,1.00 ,14.75 ,1/20/23
052100056463,MC CORMICK CCM GARLIC 45GX24,,2.00 ,37.00 ,1/20/23
4806504710256,MEGA MAC TOMATO SAUCE 155GX50,,2.00 ,57.00 ,1/20/23
4806504710232,MEGA MACKAREL N NAT OIL 155GX50,,5.00 ,145.00 ,1/20/23
4806504710263,MEGA SAR NATURAL OIL 155GX100,,2.00 ,50.00 ,1/20/23
4806504710119,MEGA SAR TOMATO SAUCE 155GX100,,11.00 ,255.75 ,1/20/23
4806504710126,MEGA SARDINES IN T.S. CHILI 155GX100,,5.00 ,117.50 ,1/20/23
4806504721030,MEGA TUNA FLAKES IN SPANISH 180GX48,,3.00 ,156.00 ,1/20/23
4806503884040,MEKENI ALL DAY BACON 250G,,1.00 ,102.50 ,1/20/23
4806503884019,MEKENI BACON 250G,,2.00 ,278.50 ,1/20/23
4806503884026,MEKENI BACON 500G,,1.00 ,275.50 ,1/20/23
4806503881179,MEKENI PORK TOCINO CLASSIC SWEET 450G,,1.00 ,149.00 ,1/20/23
8998866623889,MI SEDAAP AYAM BAKAR LIMAU 89GX5SX8,,2.00 ,152.50 ,1/20/23
8998866610117,MI SEDAAP AYAMKRIS 88GX5,,1.00 ,76.25 ,1/20/23
8850952219744,MIKKU YD BLUEBERRY 300MLX48,,1.00 ,30.00 ,1/20/23
841165150182,MILK MAN GREEN APPLE 100MLX6SX16,,2.00 ,112.00 ,1/20/23
841165170029,MILK MAN ORIGINAL 100MLX6SX16,,1.00 ,56.00 ,1/20/23
841165170012,MILK MAN YD SBERRY 100MLX6SX16,,1.00 ,56.00 ,1/20/23
4800361418058,MILO ACTIV-GO 1.2KGX9,,1.00 ,321.50 ,1/20/23
4800361381246,MILO ACTIV-GO 300GX40,,3.00 ,282.00 ,1/20/23
4800361415293,MILO ACTIV-GO TP 48G,,27.00 ,411.75 ,1/20/23
4800361413480,MILO ACTIV-GO WINNER 504X24G,,12.00 ,99.00 ,1/20/23
4800361418034,MILO ACTIV-GO WINNER 624GX14,,2.00 ,366.00 ,1/20/23
4800361420198,MILO BUY6SV12 180MLX5,,1.00 ,136.50 ,1/20/23
4809010803993,MISTER POTATO CRISPS HC+SOUR CREAM X7,,1.00 ,109.00 ,1/20/23
8992826121231,MITRA PALM OIL PET 950MLX12,,2.00 ,252.00 ,1/20/23
8850007372882,MODESS COTTONY MAXI WING 16SX30,,2.00 ,142.50 ,1/20/23
4801010327202,MODESS CS ALL NIGHT 10SX24,,2.00 ,218.00 ,1/20/23
8850007371441,MODESS CSOFT MAXI SNW 12SX24,,1.00 ,53.50 ,1/20/23
4807770122903,MONDE BANANA BAR 20GX10SX12,,1.00 ,77.00 ,1/20/23
4807770101502,MONDE BREADSTIX 20GX10SX10,,1.00 ,55.00 ,1/20/23
4807770120091,MONDE BREADSTIX CHEESE 20GX10SX10,,2.00 ,111.00 ,1/20/23
4807770100406,MONDE EGGNOG 130GX20,,1.00 ,29.75 ,1/20/23
4807770121333,MONDE SPL MAMON CLASSIC 40GX6SX12,,4.00 ,342.00 ,1/20/23
4804888809474,MS OYSTER SAUCE 30GX96,,2.00 ,11.00 ,1/20/23
4806512023522,MS OYSTER SAUCE 90GX36,,4.00 ,86.00 ,1/20/23
4806534280415,MS OYSTER SAUCE SPOUT 405GX30,,2.00 ,153.00 ,1/20/23
4803925130328,MT. DEW 295MLX12,,2.00 ,30.00 ,1/20/23
4800135003176,MYRA CLASSIC MOISTURIZING LOTION 100ML,,1.00 ,67.00 ,1/20/23
731126101165,NAGARAYA ORIG BUTTER 160GX48,,4.00 ,152.00 ,1/20/23
8998866623476,NEO CHOCODRINK 28G 9+1 8S,,1.00 ,75.00 ,1/20/23
4800361417396,NESCAFE CLACK ROAST 80GX30,,1.00 ,108.00 ,1/20/23
4800361339186,NESCAFE CLASSIC 25GX60,,1.00 ,21.50 ,1/20/23
4800361393744,NESCAFE CLASSIC DECAF RSEAL 80GX30,,1.00 ,100.00 ,1/20/23
4800361393669,NESCAFE CLASSIC REAL 200GX24,,3.38 ,540.80 ,1/20/23
4800361413992,NESCAFE CREAMY LATTE TP 55GX200,,10.00 ,120.00 ,1/20/23
4800361415347,NESCAFE ORIGINAL TP 56GX200,,25.00 ,300.00 ,1/20/23
4800361416726,NESCAFE TP CREAMY WHITE 58GX200,,10.00 ,120.00 ,1/20/23
4800361419536,NESTLE CARNATION EVAP 250MLX24,,1.00 ,30.00 ,1/20/23
4800361395687,NESTLE CHUCKIE CALCI-N 110MLX60,,3.00 ,43.50 ,1/20/23
4800361390804,NESTLE COFFEEMATE 170GX60,,3.00 ,165.00 ,1/20/23
4800361393232,NESTLE COFFEEMATE 250GX40,,4.00 ,302.00 ,1/20/23
4800361380737,NESTLE COFFEEMATE 450GX24,,1.00 ,126.50 ,1/20/23
48041010,NESTLE CUP CHOCOLATE 100MLX24,,2.00 ,52.50 ,1/20/23
4806534190004,NESTLE DS DOUBLE CHOCO VANILLA 100MLX14,,5.00 ,126.25 ,1/20/23
4806534190011,NESTLE DS UBE CHEESECAKE 100MLX14,,1.00 ,32.50 ,1/20/23
4800361015110,NESTLE FRESH MILK 1LX12,,3.00 ,292.50 ,1/20/23
4800361422246,NESTLE FRESH MILK BUY2SAVE15 7S,,2.00 ,395.50 ,1/20/23
4800361391207,NESTLE ICC KITKAT 100MLX14,,2.00 ,104.50 ,1/20/23
NICE1.5L,NICE DW LEMON&KALAMANSI 1.5LX8,,1.00 ,63.00 ,1/20/23
4807770122170,NISSIN BUTTER COCONUT 25GX10SX20,,4.00 ,211.00 ,1/20/23
4800016552106,NISSIN CN MINI BEEF 40GX48 cup,,2.00 ,43.00 ,1/20/23
4800016552120,NISSIN CN MINI CHICKEN 40GX48,,1.00 ,21.50 ,1/20/23
4800016561481,NISSIN CN MINI HOT CHEESY SEAFOOD 50GX48,,1.00 ,23.75 ,1/20/23
4800016552113,NISSIN CN MINI SEAFOOD 40GX48,,1.00 ,21.50 ,1/20/23
4807770122712,NISSIN MALKIST SAND CHOCOLATE 24GX12X10,,1.00 ,74.50 ,1/20/23
4800016561429,NISSIN RAMEN CREAMY SEAFOODS 63GX72,,10.00 ,135.00 ,1/20/23
4800016551574,NISSIN RAMEN IM CHICKEN 55GX72,,5.00 ,52.50 ,1/20/23
4800016561269,NISSIN RAMEN IM SHOT BEEF 62GX72,,5.00 ,67.50 ,1/20/23
4800016551581,NISSIN RAMEN IN BEEF 55GX72,,8.00 ,84.00 ,1/20/23
4800016551598,NISSIN RAMEN IN SEAFOOD 55GX72,,2.00 ,27.00 ,1/20/23
4800016560910,NISSIN RAMEN IN SPICY SF 59GX72,,5.00 ,67.50 ,1/20/23
4800016551611,NISSIN YAKISOBA SAVORY BEEF 59GX72,,4.00 ,46.00 ,1/20/23
4800016666247,NOVA SWEET CHILI 40GX80,,4.00 ,55.00 ,1/20/23
031146155736,NS CHAPAGETTI ORIGINAL 140GX20,,1.00 ,71.75 ,1/20/23
4800488959878,NURSY BW POWDER SCENT 90WX24,,1.00 ,87.00 ,1/20/23
4800194153683,O BREAD PAN BUTTER TOAST 24GX100,,8.00 ,50.00 ,1/20/23
4800194173681,O BREAD PAN BUTTERED TOAST 42GX60,,2.00 ,21.00 ,1/20/23
4800194173223,O BREAD PAN CHEESE & ONION 42GX60,,11.00 ,115.50 ,1/20/23
4800194105972,O CARAMEL POPCORN 60GX50,,5.00 ,73.75 ,1/20/23
4800194101134,O CRACKLINGS SALT & VINEGAR 50GX50,,2.00 ,26.50 ,1/20/23
4800194106771,O POTATO FRIES CHEESE 50GX50,,3.00 ,39.75 ,1/20/23
4800194105958,O PRAWN CRACKER SWEET & EHOT 60GX50,,1.00 ,14.25 ,1/20/23
4891208040143,O PRAWN CRACKERS ORIGINAL 24GX100,,4.00 ,25.00 ,1/20/23
4800194105965,O PRAWN SPICY 60GX50,,1.00 ,14.25 ,1/20/23
8992760221066,OREO VANILLA 12 X 12 X 27.6G,,1.00 ,72.00 ,1/20/23
4808888004181,PALM SH SILKY STRAIGHT 11+1 15MLX36,,2.00 ,131.50 ,1/20/23
8850006491775,PALMOLIVE C H&SMOOTH 12MLX360,,12.00 ,69.00 ,1/20/23
8850006491799,PALMOLIVE C SILKY STRAIGHT 12MLX360,,12.00 ,69.00 ,1/20/23
8850006494431,PALMOLIVE MEN S&C AD+SC 10MLX384,,6.00 ,36.00 ,1/20/23
8850006480786,PALMOLIVE N ANTIHAIR FALL 15MLX432,,12.00 ,72.00 ,1/20/23
8850006480779,PALMOLIVE N FASHION GIRL 15MLX432,,12.00 ,75.00 ,1/20/23
8850006494448,PALMOLIVE SH MEN AD DEEP CLEAN 10MLX384,,12.00 ,72.00 ,1/20/23
8850006493045,PALMOLIVE SH S&STRAIGHT 15MLX432,,12.00 ,72.00 ,1/20/23
4808888431222,PALMOLIVE SH SILKY STRAIGHT 90MLX36,,1.00 ,54.00 ,1/20/23
4809014457048,PANCIT CANTON 200GX12,,1.00 ,27.75 ,1/20/23
4902430634007,PANTENE COND 3MM TDC10 10MLX480,,12.00 ,75.00 ,1/20/23
4902430759960,PANTENE S SILKYSMOOTHCARE 12MLX432,,12.00 ,75.00 ,1/20/23
4902430698146,PANTENE S TDAMAGE CARE 12MLX432,,6.00 ,37.50 ,1/20/23
014285003038,PAPA BANANA KETCHUP 1KGX12,,1.00 ,67.75 ,1/20/23
4800631000617,PASALUBONG SPECIAL ASSTD WRAP 1.5KG,,1.00 ,339.25 ,1/20/23
4800016553332,PAYLESS IM BEEF 55GX72,,14.00 ,101.50 ,1/20/23
4800016553325,PAYLESS IM CHICKEN 55GX72,,4.00 ,29.00 ,1/20/23
4800016555985,PAYLESS IPC XB KALAMANSI 130GX48,,14.00 ,255.50 ,1/20/23
4800016561436,PAYLESS IPC XB SWEET&SPICY 130GX48,,9.00 ,164.25 ,1/20/23
4800016556517,PAYLESS PC XB CHILIMANSI 130GX48,,1.00 ,18.25 ,1/20/23
4800016556807,PAYLESS PC XBIG HOT CHILI 130GX48,,2.00 ,36.50 ,1/20/23
4800010075601,PCREAMS CHOCOLATE 30GX10SX20,,2.00 ,121.50 ,1/20/23
4800118443876,PETGARD DOG SHAMPOO 60ML,,1.00 ,84.50 ,1/20/23
4808887030204,PF CHINESE LUNCHEON MEAT 165GX48,,2.00 ,68.50 ,1/20/23
4808887040012,PF LIVER SPREAD 85GX48,,2.00 ,58.50 ,1/20/23
4808887030013,PF LUNCHEON MEAT 230GX48,,1.00 ,91.75 ,1/20/23
4808887012026,PF STAR CHEESE CORNED BEEF 175GX48,,2.00 ,77.50 ,1/20/23
4808887302202,PF STAR CHICK N TASTY HOTDOG 250G,,1.00 ,58.75 ,1/20/23
4808887011852,PF STAR CORNED BEEF 150GX48,,6.00 ,189.00 ,1/20/23
4808887011685,PF STAR CORNED BEEF 260GX48,,1.00 ,54.50 ,1/20/23
4808887303476,PF STAR HOTDOG REGULAR 1KG,,1.00 ,185.75 ,1/20/23
4808887301717,PF TJ CHEESEDOG 1KG-VACUUM,,1.00 ,228.25 ,1/20/23
4808887301724,PF TJ CHEESEDOG 500G,,2.00 ,303.00 ,1/20/23
4808887300284,PF TJ HOTDOG JUMBO 1KG,,2.00 ,446.00 ,1/20/23
4808887300086,PF TJ REGULAR PLAIN 230G,,1.00 ,80.00 ,1/20/23
4808887300093,PF TJ REGULAR PLAIN 500G,,1.00 ,149.50 ,1/20/23
4800016635724,PIATOS CHEESE PRTY PCK(SUPRSIZED)170X18,,1.00 ,60.00 ,1/20/23
4800016644504,PIATTOS CHEESE 85GX50,,1.00 ,30.75 ,1/20/23
4800016633799,PIATTOS ROADHOUSE BARBEQUE 85GX50,,3.00 ,92.25 ,1/20/23
4800016665288,PIATTOS ROAST BEEF 85GX50,,6.00 ,184.50 ,1/20/23
4800016671500,PIATTOS SC&O 85GX50,,4.00 ,123.00 ,1/20/23
4800016622571,PIC-A ULTIMATE CHEDDAR 180GX18,,1.00 ,50.00 ,1/20/23
4800194116466,PILLOWS CHOCO 38GX100,,10.00 ,82.50 ,1/20/23
4800194152327,PILLOWS UBE 45GX100,,10.00 ,82.50 ,1/20/23
4806535910250,PLASTIC CONTAINER 650X30,,1.00 ,60.00 ,1/20/23
8997035600560,POCARI SWEAT 2000MLX6,,1.00 ,165.00 ,1/20/23
8997035600010,POCARI SWEAT 350MLX24,,2.00 ,68.00 ,1/20/23
8997035600027,POCARI SWEAT 500MLX24,,3.00 ,141.00 ,1/20/23
4806516631990,POLAR BEAR GLUTINOUS RICE FLOUR 500GX20,,2.00 ,91.50 ,1/20/23
4800194106788,POTATO CRISP CHEESE 50GX50,,2.00 ,30.50 ,1/20/23
4800194106030,POTATO FRIES KETSUP FLAVOR 50GX50,,2.00 ,26.50 ,1/20/23
4809015308530,PRAWN CRACKERS COLORED 500GX30,,1.00 ,100.00 ,1/20/23
4800045310265,PRIDE APD 2KGX6,,2.00 ,418.00 ,1/20/23
4800045310289,PRIDE APD 500GX24,,1.00 ,54.00 ,1/20/23
4800045330089,PRIDE BAR BLUE CUT 100GX144,,3.00 ,19.50 ,1/20/23
4800045340095,PRIDE BAR CUT WHITE 100GX144,,2.00 ,13.00 ,1/20/23
4800045330065,PRIDE BAR SPECKLED 400GX36,,1.00 ,24.75 ,1/20/23
4800045360024,PRIDE KALAMANSI 500GX24,,1.00 ,52.00 ,1/20/23
4800045360048,PRIDE KALAMANSI FRESH 2KGX6,,1.00 ,203.75 ,1/20/23
4800045310012,PRIDE SAF 500GX24,,1.00 ,52.00 ,1/20/23
4800045350025,PRIDE W/ FABCON 500GX24,,1.00 ,53.75 ,1/20/23
4800045350018,PRIDE WFC SUMMER BLOOM 40GX300,,24.00 ,108.00 ,1/20/23
4800060080808,PURITY COTTON BUDS IN CAN 400TX40,,2.00 ,116.50 ,1/20/23
4800060075507,PURITY COTTON ROLL 90GX48,,1.00 ,55.25 ,1/20/23
4800016112423,QUAKE OLOAD BLACK FOREST 30GX10SX10,,1.00 ,75.50 ,1/20/23
4800016112386,QUAKE OLOAD CHOCOSBERRY 30GX10SX10,,1.00 ,75.50 ,1/20/23
4800016112263,QUAKE VTHRILLA CC 380GX10SX14,,1.00 ,62.00 ,1/20/23
4800274080014,QUAKER IO ORIGINAL 800GX12,,1.00 ,116.25 ,1/20/23
4800274506002,QUAKER WGRAIN ROLLED OATS 600GX12,,1.00 ,97.50 ,1/20/23
4809013526776,RACKEY FRUITY SWEET CORN FLAVOR 30X5G,,2.00 ,30.50 ,1/20/23
4806512341213,RC METAL SCOURING BALL,,1.00 ,28.00 ,1/20/23
4800092110115,REBISCO BRAVO BISCUITS 10SX30,,3.00 ,174.00 ,1/20/23
4800092110405,REBISCO BUTTER SANDWICH 320GX40,,1.00 ,57.75 ,1/20/23
4800092110030,REBISCO CHOCO CS 34GX10SX40,,3.00 ,173.25 ,1/20/23
4800092110528,REBISCO HANSEL CHOCO SAND 10SX40,,3.00 ,173.25 ,1/20/23
4800092112317,REBISCO HANSEL CRACKERS 12SX30,,3.00 ,173.25 ,1/20/23
4800092115295,REBISCO PASTILLAS 40X10S,,1.00 ,57.75 ,1/20/23
4800092110047,REBISCO SBERRY SANDWICH 34GX10SX40,,1.00 ,57.75 ,1/20/23
8936048471178,REEVA BEEF NOODLES PROMO 2+1 15S,,1.00 ,27.75 ,1/20/23
8936048474032,REEVA CHICKEN NOODLE PROMO 2+1 15S,,1.00 ,27.75 ,1/20/23
018,REFILL 2.5 GAL,,1.00 ,20.00 ,1/20/23
025,REFILL 5 GAL,,1.00 ,30.00 ,1/20/23
4806525662190,RELISH BLACK BEANS 180GX48,,1.00 ,20.00 ,1/20/23
4806525662022,RELISH MUSHROOM PIECES&STEMS 400G,,1.00 ,37.00 ,1/20/23
4806525660363,RELISH VERMICELLI 80GX48,,6.00 ,63.00 ,1/20/23
4805885171007,RENO LIVER SPREAD 85GX48,,2.00 ,52.00 ,1/20/23
4809014465340,RESTO BAR PAPER PLATE LAMINATED 20S,,2.00 ,70.00 ,1/20/23
4809014465371,RESTO BAR PAPER PLATE SILVER 20S,,1.00 ,33.75 ,1/20/23
4800888144256,REXONA MEN RO QUANTUM 25MLX24,,1.00 ,58.50 ,1/20/23
4800067130100,RHEA ISO ALC 70% 350ML,,1.00 ,83.50 ,1/20/23
1000,RICE 1/2 CAVAN,,17.00 ,"17,340.00 ",1/20/23
RICECOFFEE200G,RICE COFFEE W/ MALUNGGAY 200G,,1.00 ,115.00 ,1/20/23
8993175540551,RICHEESE BIG ROLLS 330G,,1.00 ,121.00 ,1/20/23
8993175537131,RICHEESE CHEESE WAFER 20.5GX10SX20,,1.00 ,55.00 ,1/20/23
8993175551069,RICHEESE PINK LAVA ICE SCRMBL 50GX60,,2.00 ,22.00 ,1/20/23
8993175551175,RICHOCO COOKIES C&C 280GX20,,1.00 ,61.00 ,1/20/23
4800194115421,RIDGES ONION & GARLIC 60GX30,,2.00 ,58.00 ,1/20/23
4806512341022,RIGHT CHOICE ECONOMY PACK X144,,1.00 ,29.00 ,1/20/23
4806033302755,RITEMED ISO ALCOHOL 250ML,,2.00 ,107.00 ,1/20/23
4807788611970,RM COTTON ROLL 10G,,1.00 ,5.25 ,1/20/23
4800016661099,ROLLER COASTER CHEDDAR 85GX50,,2.00 ,46.00 ,1/20/23
4806501953144,ROSE CANE VINEGAR 1LX12,,2.00 ,79.50 ,1/20/23
4806501953175,ROSE CANE VINEGAR 385MLX30,,1.00 ,16.50 ,1/20/23
4806501953113,ROSE VINEGAR 350MLX30,,1.00 ,15.25 ,1/20/23
4801981116171,ROYAL 1.5LX12,,1.00 ,63.00 ,1/20/23
4902430818674,SAFEGUARD BAR LEMON 11+1 60GX14,,1.00 ,219.50 ,1/20/23
4809011486126,SALTED SHRIMP FRY TR 180GX24,,2.00 ,127.00 ,1/20/23
203022,SANDO ECO BAG XXL,,7.00 ,399.00 ,1/20/23
4806502351925,SANICARE 2PLY UPSIZE 400SX4RX24,,3.00 ,208.50 ,1/20/23
4806502350546,SANICARE 3PLY 12ROLLSX8,,1.00 ,291.50 ,1/20/23
4806520120121,SANLO SALABAT TURMERIC 75GX10S,,1.00 ,143.00 ,1/20/23
4800314005489,SB EASENGRIP ANTIBAC SPONGE,,2.00 ,84.50 ,1/20/23
4800314000019,SB HD SCRUB PAD TRIAL LX240,,1.00 ,16.25 ,1/20/23
4800314000125,SB HD SCRUB SPONGE REG LX96,,1.00 ,65.50 ,1/20/23
4800314000118,SB HD SCRUB SPONGE TRIAL 30MX12X8,,3.00 ,109.50 ,1/20/23
4800314000026,SB SCRUB PAD REG 8MM LX240,,1.00 ,30.75 ,1/20/23
4800314010124,SB STAINLESS STEEL 15G,,1.00 ,25.00 ,1/20/23
4801234134426,SCJ BAYGON COIL SCENTED 150GX12SX6,,2.00 ,38.50 ,1/20/23
4806020400198,SELECT SOY SAUCE 1LX12,,1.00 ,44.00 ,1/20/23
4800110093895,SELECTA FORTIFIED FILLED MILK 245MLX24,,3.00 ,105.75 ,1/20/23
4800086045751,SELECTA PINIPIG CHOCOLATE 60MLX12,,1.00 ,16.25 ,1/20/23
4800110095776,SELECTA STD FULL CREAM MILK 1LX12,,2.00 ,148.00 ,1/20/23
4806508624771,SENORITA  BEEF LOAF 150GX48,,6.00 ,121.50 ,1/20/23
4806508624610,SENORITA BLACK BEANS 180GX48,,1.00 ,22.50 ,1/20/23
4800045380121,SHIELD SOAP BLOOMING PINK 120G,,1.00 ,32.25 ,1/20/23
4800045380145,SHIELD SOAP CALMING BEIGE 120G,,1.00 ,32.25 ,1/20/23
4800045380114,SHIELD SOAP CALMING BEIGE 90G,,1.00 ,24.25 ,1/20/23
4800344003424,SILVER SWAN CANE VINEGAR 385MLX24,,1.00 ,19.50 ,1/20/23
4800344009419,SILVER SWAN PATIS 350MLX24,,1.00 ,23.50 ,1/20/23
4800344001628,SILVER SWAN SOY SAUCE 1LX12,,5.00 ,282.50 ,1/20/23
4800344001413,SILVER SWAN SOY SAUCE 350MLX24,,4.00 ,80.00 ,1/20/23
4800344001826,SILVER SWAN SOY SAUCE 500MLX24,,1.00 ,29.75 ,1/20/23
4800344004629,SILVER SWAN SUKANG PUTI 1LX12,,1.00 ,43.75 ,1/20/23
4800344004940,SILVER SWAN SUKANG PUTI 200MLX48,,1.00 ,7.50 ,1/20/23
4809015759721,SIMPLY G KERATIN PERFUME D 11+1 30S,,1.00 ,70.75 ,1/20/23
4809015759769,SIMPLY G KERATIN PERFUME-C 14MLX360,,6.00 ,39.00 ,1/20/23
4809015759752,SIMPLY G KERATIN PERFUME-D 14MLX360,,24.00 ,156.00 ,1/20/23
4809015759875,SIMPLY G SH PERFUME-B 14MLX360,,6.00 ,36.00 ,1/20/23
4809015759899,SIMPLY G SH PERFUME-D 14MLX360,,12.00 ,72.00 ,1/20/23
4806534310549,SINTA LONGBAO GUM ASSRTD 12GX20,,1.00 ,76.50 ,1/20/23
4806529170448,SINTA YUMMY ORANGE 30SX24,,1.00 ,30.00 ,1/20/23
4806531431223,SIP 1000MLX12,,2.00 ,36.00 ,1/20/23
4806531431209,SIP 350MLX24,,2.00 ,14.00 ,1/20/23
4806506318931,SISTERS BREATHABLE PANTYLINER 8X48,,2.00 ,25.00 ,1/20/23
4806506318825,SISTERS BUDGET PACK NIGHT USE 4X36,,1.00 ,13.25 ,1/20/23
4806506318832,SISTERS CC DAY MAXI RF WW 8SX36,,2.00 ,44.50 ,1/20/23
4806506318917,SISTERS CC PANTYLINER 20+2SX36,,4.00 ,78.00 ,1/20/23
4806506318900,SISTERS PERFORATED  OVERNIGHT  4SX36,,3.00 ,85.50 ,1/20/23
750515018501,SKYFLAKES 25GX10SX30,,1.00 ,56.25 ,1/20/23
750515018488,SKYFLAKES 600GX24SX15,,8.00 ,"1,058.00 ",1/20/23
750515031531,SKYFLAKES CONDENSADA 30GX10SX30,,4.00 ,238.00 ,1/20/23
750515030299,SKYFLAKES FIT WOMEGA-3 250GX30,,1.00 ,66.25 ,1/20/23
750515030251,SKYFLAKES ONION & CHIVES 25GX10SX30,,2.00 ,121.00 ,1/20/23
750515031517,SKYFLAKES TSOKOLATE 30GX10SX30,,2.00 ,113.00 ,1/20/23
051500000793,SM BLUEBERRY PRESERVES 12OZX12,,1.00 ,214.50 ,1/20/23
4800194184199,SMART C CALAMANSI SPLASH 350MLX24,,1.00 ,22.50 ,1/20/23
4800045310173,SMART DISH PASTE LEMON 200GX48,,6.00 ,150.00 ,1/20/23
4800045310227,SMART DL LEMON 50MLX144,,1.00 ,7.25 ,1/20/23
4800045310241,SMART DP KALAMANSI 200GX48,,7.00 ,175.00 ,1/20/23
4800045310272,SMART DP KALAMANSI 400GX36,,2.00 ,91.00 ,1/20/23
4800045410798,SMART LIQUID KALAMANSI DOY 250MLX48,,2.00 ,71.00 ,1/20/23
4800045410781,SMART LIQUID LEMON DOY 250MLX48,,2.00 ,71.00 ,1/20/23
6903244670524,SMILE BATHROOM TISSUE 90GX10SX50,,20.00 ,300.00 ,1/20/23
4806500730012,SNOWBEAR CANDY,,1.00 ,94.00 ,1/20/23
8998866501460,SO ROYALE ANTIBAC FAB 30MLX360,,6.00 ,28.50 ,1/20/23
301003,SOFA RUG,,4.00 ,780.00 ,1/20/23
4800096476163,SOFTEE VALUE 1502PX1SX96,,2.00 ,20.50 ,1/20/23
8998866613996,SOLVE DW SPARK CLEAN TUB 225GX36,,1.00 ,20.00 ,1/20/23
037600130783,SPAM LUNCHEON MEAT 340GX12,,1.00 ,242.50 ,1/20/23
48036214,STAR MARGARINE 100GX144,,5.00 ,173.75 ,1/20/23
4800045320059,STARWAX RED 90GX72,,1.00 ,18.75 ,1/20/23
8475,SUGAR BROWN 1KLX50,,23.00 ,"1,955.00 ",1/20/23
10550,SUGAR WHITE 1KGX50,,1.00 ,93.00 ,1/20/23
4809010524898,SUGO GSP HOT & SPICY 25GX6SX30,,2.00 ,60.50 ,1/20/23
4806515630000,SUKA PINAKURAT 250MLX30,,2.00 ,110.00 ,1/20/23
4800011178745,SULFUR DR S WONG SCENTED 80G,,1.00 ,40.75 ,1/20/23
4800888209634,SUNSILK COCONUT HYDRATION 288X11ML,,16.00 ,92.00 ,1/20/23
4800888169693,SUNSILK SH DRCONSTRUCT 13MLX288,,12.00 ,66.00 ,1/20/23
4800888191939,SUNSILK SH P STRAIGHT 13MLX288,,36.00 ,216.00 ,1/20/23
4800888169709,SUNSILK SH STRONG&LONG 13MLX288,,12.00 ,72.00 ,1/20/23
4800365881087,SUPER DELIGHTS BROWNIE 200G,,1.00 ,47.00 ,1/20/23
4806011812061,SUPER Q GOLDEN BIHON 454GX15,,4.00 ,151.00 ,1/20/23
4806011827157,SUPER Q MISUA 160G,,2.00 ,33.00 ,1/20/23
4806512341886,SUPER TIBAY 2N1 ECNMY W/RC FOAM 100S,,2.00 ,66.00 ,1/20/23
4806512340148,SUPER TIBAY 5HD BLACK 6SX24,,1.00 ,38.00 ,1/20/23
4800092663192,SUPERSTIX DOUBLE CHOCO 254.2GX12,,1.00 ,64.25 ,1/20/23
4800092110597,SUPERSTIX WS MILK 335.5GX12,,2.00 ,147.00 ,1/20/23
4800092110603,SUPERSTIX WS MILK WCDOTS 671GX6,,1.00 ,143.50 ,1/20/23
4800092110542,SUPERSTIX WS PANDAN 335.5GX12,,1.00 ,73.50 ,1/20/23
4800092660603,SUPERSTIX WS SWEET CHEESE 335.5GX12,,1.00 ,73.50 ,1/20/23
4800092660719,SUPERSTIX WS UBE 335.5GX12,,1.00 ,73.50 ,1/20/23
4800888225399,SURF FABCON BF PROMO 12S,,1.00 ,128.25 ,1/20/23
8934868115915,SURF FABCON LUXE PERFUME 40MLX360,,18.00 ,144.00 ,1/20/23
4800888218940,SURF PWDR ANTIBAC 60GX288,,12.00 ,75.00 ,1/20/23
4800888151827,SURF PWDR KALAMANSI 288X57G,,12.00 ,75.00 ,1/20/23
4800888151834,SURF PWR WFABCON TAWAS 61GX288,,12.00 ,66.00 ,1/20/23
4800344702112,SWAN SANITARY TOOTHPICK 30X320,,1.00 ,8.00 ,1/20/23
7622300808365,TANG FOUR SEASONS 25G LITROX144,,3.00 ,54.75 ,1/20/23
4902430884013,TIDE PERFECT CLEAN JUMBO B6G1 30S,,1.00 ,89.75 ,1/20/23
4902430884242,TIDE PERFUME FANTASY B6G1 30S,,3.00 ,269.25 ,1/20/23
4902430831406,TIDE PREM CLEAN POWDER PRFUME FNTASY 74g,,12.00 ,153.00 ,1/20/23
4800024558503,TODAYS MIXED FRUIT 432GX24,,2.00 ,126.00 ,1/20/23
8998866610582,TOP CAFE BREWED 22GX18SX20,,10.00 ,65.00 ,1/20/23
8998866807265,TOP CAFE WHITE N CREAMY 25GX360(12pc+6free),,30.00 ,195.00 ,1/20/23
4806508620025,TOYO SAR NTS RGREEN 155GX100,,2.00 ,42.00 ,1/20/23
062385061731,TULIP JAMONILLA LUNCHEON MEAT 24X340G,,2.00 ,310.50 ,1/20/23
014285000051,UFC BANANA CATSUP HOT&SPICY 320GX24,,1.00 ,33.00 ,1/20/23
014285002789,UFC BANANA CATSUP SUP 100GX48,,1.00 ,11.00 ,1/20/23
014285000938,UFC GF COOKING POUCH 2LITX6,,1.00 ,277.50 ,1/20/23
014285003984,UFC TOMATO SAUCE GUISADO 115GX36,,1.00 ,17.75 ,1/20/23
4809014618043,UNCLE TOM SUKA SUGARCANE 500ML,,3.00 ,60.00 ,1/20/23
4809014485362,UNI-CARE BWIPES ECONOMY 84SX36,,2.00 ,47.00 ,1/20/23
4800045340248,UNIQUE SUPERNOVA RED 100MLX72,,1.00 ,50.50 ,1/20/23
4809013017090,VB CINNAMON ROLL,,2.00 ,83.50 ,1/20/23
4809013017441,VB COCO CREAM,,1.00 ,45.00 ,1/20/23
4809013017489,VB MILK MUFFINS,,4.00 ,172.00 ,1/20/23
4809013017199,VB PREMIUM LOAF MEDIUM,,1.00 ,58.00 ,1/20/23
4809013017229,VB PULLMAN LOAF MEDIUM,,1.00 ,51.50 ,1/20/23
4809013017243,VB PULLMAN LOAF SMALL,,1.00 ,36.50 ,1/20/23
4809013017410,VB RAISIN LOAF,,1.00 ,65.25 ,1/20/23
4809013017434,VB SPANISH,,6.00 ,186.00 ,1/20/23
4809013017472,VB WHOLE WHEAT BREAD,,4.00 ,291.00 ,1/20/23
VGN63,VGN ASSTD GUMMY CANDIES,,4.00 ,35.00 ,1/20/23
VGN23,VGN ATSUETE POWDER 25G,,1.00 ,8.75 ,1/20/23
VGN129,VGN BLACK BEANS,,1.00 ,30.00 ,1/20/23
VGN05,VGN BP CRACKED 15G,,1.00 ,8.25 ,1/20/23
VGN13,VGN BP GROUND 20G,,3.00 ,24.75 ,1/20/23
VGN15,VGN BP GROUND TIESX15,,2.00 ,18.00 ,1/20/23
VGN09,VGN BP MEDIUM GROUND 20G,,1.00 ,8.25 ,1/20/23
VGN92,VGN BP MEDIUM GROUND 40G,,1.00 ,15.00 ,1/20/23
VGN11,VGN BP MEDIUM GROUND TIES,,1.00 ,8.75 ,1/20/23
VGN132,VGN CHEESE CORN POP,,1.00 ,21.50 ,1/20/23
VGN25,VGN CHEESE POWDER 40G,,1.00 ,13.00 ,1/20/23
VGN71,VGN CINAMON POWDER,,1.00 ,13.00 ,1/20/23
VGN134,VGN GARLIC MINCED 25G,,1.00 ,9.75 ,1/20/23
VGN60,VGN GARLIC POWDER 20G,,2.00 ,19.50 ,1/20/23
VGN26,VGN KASUBHA 5G,,2.00 ,15.00 ,1/20/23
VGN21,VGN LAUREL LEAVES 10G,,3.00 ,24.75 ,1/20/23
VGN22,VGN LAUREL LEAVES TIESX15,,1.00 ,12.00 ,1/20/23
VGN130,VGN MARSHMALLOW MINI,,2.00 ,26.00 ,1/20/23
4809011001152,VGN MERT BREADING 100G,,4.00 ,64.00 ,1/20/23
VGN64,VGN MILKY DIPS,,1.00 ,13.00 ,1/20/23
VGN125,VGN MONGGO,,1.00 ,30.00 ,1/20/23
VGN33,VGN RAISINS 200G,,1.00 ,24.00 ,1/20/23
VGN56,VGN SESAME SEEDS 40G,,2.00 ,22.00 ,1/20/23
VGN100,VGN SILI POWDER 20G,,2.00 ,19.50 ,1/20/23
VGN18,VGN SILI POWDER TIES,,1.00 ,9.75 ,1/20/23
VGN39,VGN SKINLESS PEANUT,,1.00 ,21.50 ,1/20/23
VGN66,VGN SPRINKLES,,2.00 ,26.00 ,1/20/23
VGN44,VGN SQUASH SEED,,1.00 ,21.50 ,1/20/23
4800103343563,VITA CUBES SINGLES ASSTD 20SX60,,1.00 ,18.50 ,1/20/23
4800016084065,WAFRETS BRIX CHOCOLATE 24GX10SX24,,1.00 ,62.50 ,1/20/23
4801981164714,WILKINS 7L,,1.00 ,88.00 ,1/20/23
4800602020934,WILKINS DSTLD 500MLX24,,1.00 ,17.25 ,1/20/23
4801981107971,WILKINS PURE 500MLX24,,1.00 ,11.50 ,1/20/23
8998866616119,WINGS SAKURA ESSENCE 2500GX6,,2.00 ,374.50 ,1/20/23
8998866809511,WINGS SOLVE CALAMANSI CLEAN 150GX96,,4.00 ,32.00 ,1/20/23
8998866801614,WINGS SOLVE CALAMANSI CLEAN 70GX150,,6.00 ,36.00 ,1/20/23
8998866809504,WINGS SOLVE FLORAL FRESH BAR 150GX96,,1.00 ,8.50 ,1/20/23
8998866619974,WINGS SOLVE SUMMER 1200GX12,,2.00 ,154.50 ,1/20/23
8998866809528,WINGS SOLVE SUPER BLUE 150GX96,,3.00 ,25.50 ,1/20/23
4800110069197,WK FIESTA STIPID 3CHEESE P119X10,,1.00 ,133.75 ,1/20/23
4800110069319,WK FIESTA STIPID FILIPINO P109X10,,1.00 ,125.25 ,1/20/23
4800016477409,X.O SBERRY CHEESECAKE CANDY 175GX40,,1.00 ,36.25 ,1/20/23
4800818808760,YAKEE SUPER ASIM GUM BALL 28SX40,,1.00 ,31.00 ,1/20/23
054028367911,YAKULT 80MLX5SX10,,26.00 ,"1,222.00 ",1/20/23
710535943610,YB SWEET HAM 250G,,1.00 ,60.50 ,1/20/23
4800527629083,YOUNGSTOWN GREEN S/S 155GX100,,4.00 ,91.00 ,1/20/23
4800527123055,YOUNGSTOWN RED 155GX100,,5.00 ,115.00 ,1/20/23
4800527629649,YT CORNED BEEF 155GX100,,22.00 ,737.00 ,1/20/23
4800047841705,ZONROX COLOR SAFE BLOFRSH 900MLX24,,7.00 ,463.75 ,1/20/23
4800047847301,ZONROX MULTICLEAN LMNSPLSH 900MLX12,,1.00 ,100.50 ,1/20/23
4800047840012,ZONROX ORIGINAL 1LX24,,6.00 ,226.50 ,1/20/23
4800047840029,ZONROX ORIGINAL 500MLX36,,3.00 ,64.50 ,1/20/23